,City Name,Country Code,Latitude,Longitude,Temperature (F),Humidity (%),Cloudiness (%),Wind Speed (mph)
0,punta arenas,cl,-53.16,-70.91,39.2,80.0,75.0,23.04
1,busselton,au,-33.64,115.35,64.12,100.0,68.0,18.25
2,dudinka,ru,69.41,86.18,5.98,81.0,48.0,11.21
3,mahebourg,mu,-20.41,57.7,78.8,78.0,75.0,8.05
4,khandbari,np,27.38,87.21,38.92,76.0,0.0,1.59
5,bluff,nz,-23.58,149.07,59.26,79.0,0.0,3.15
6,port-gentil,ga,-0.72,8.78,86.0,74.0,20.0,10.29
7,meulaboh,id,4.14,96.13,78.97,100.0,68.0,4.27
8,ushuaia,ar,-54.81,-68.31,40.19,80.0,75.0,31.09
11,vaini,to,15.34,74.49,74.74,66.0,0.0,4.16
12,pichayevo,ru,51.79,41.22,42.52,67.0,32.0,9.75
13,sinnamary,gf,5.38,-52.96,79.51,100.0,92.0,6.96
14,roald,no,62.58,6.12,50.72,70.0,75.0,12.75
15,hobart,au,-42.88,147.33,50.0,93.0,40.0,2.48
16,georgetown,sh,6.8,-58.16,77.0,94.0,75.0,6.93
17,ostersund,se,63.18,14.64,44.6,56.0,0.0,8.05
18,stromness,gb,42.87,-79.55,56.84,33.0,20.0,4.7
19,arraial do cabo,br,-22.97,-42.02,81.23,65.0,40.0,17.22
20,denison,us,33.76,-96.54,56.1,67.0,40.0,14.99
21,boden,se,65.83,21.69,33.8,86.0,0.0,8.05
22,beruwala,lk,6.48,79.98,85.45,94.0,8.0,5.06
23,changping,cn,40.22,116.23,51.8,81.0,90.0,6.71
24,margate,za,-43.03,147.26,50.0,93.0,40.0,3.6
26,iqaluit,ca,63.75,-68.52,28.4,68.0,75.0,3.36
28,richards bay,za,-28.77,32.06,66.46,94.0,0.0,3.27
29,bredasdorp,za,-34.53,20.04,68.0,64.0,0.0,5.82
30,barrow,us,-38.31,-60.23,75.37,63.0,56.0,7.96
32,mar del plata,ar,-46.43,-67.52,57.01,44.0,0.0,23.29
33,sovetskoye,ru,45.57,34.49,55.84,57.0,0.0,8.97
34,matagami,ca,9.67,8.4,77.89,73.0,8.0,3.83
35,mouila,ga,-1.86,11.06,79.15,85.0,20.0,1.59
36,cherskiy,ru,68.75,161.3,10.66,47.0,0.0,1.92
37,dunedin,nz,-45.87,170.5,38.92,96.0,48.0,2.71
38,saskylakh,ru,71.97,114.09,7.78,74.0,0.0,13.67
39,poum,nc,41.28,20.71,64.4,55.0,0.0,8.05
40,hermanus,za,-34.42,19.24,59.17,70.0,0.0,3.38
41,fortuna,us,38.18,-1.13,69.76,43.0,0.0,14.99
42,taksimo,ru,56.36,114.84,29.92,75.0,64.0,2.82
43,upernavik,gl,72.79,-56.15,23.98,100.0,36.0,5.95
44,rikitea,pf,-23.12,-134.97,75.73,100.0,56.0,5.73
45,portland,au,45.52,-122.67,48.7,70.0,20.0,3.38
46,kapaa,us,22.08,-159.32,71.33,88.0,90.0,14.99
47,xucheng,cn,33.0,118.51,59.71,96.0,80.0,11.1
48,crestline,us,40.79,-82.74,60.35,25.0,1.0,11.41
49,bethel,us,60.79,-161.76,37.4,69.0,1.0,13.87
50,atuona,pf,-9.8,-139.03,77.17,100.0,92.0,16.46
51,havoysund,no,71.0,24.66,35.6,80.0,75.0,10.29
52,lormi,in,22.27,81.71,88.78,25.0,92.0,5.28
53,cidreira,br,-30.17,-50.22,81.22,81.0,0.0,5.95
54,cascais,pt,38.7,-9.42,65.32,88.0,20.0,10.29
55,anloga,gh,5.79,0.9,80.6,88.0,75.0,12.75
56,hailar,cn,49.2,119.7,36.13,72.0,20.0,6.62
57,tiksi,ru,71.64,128.87,23.26,79.0,12.0,9.75
58,burnie,au,-41.05,145.91,57.91,100.0,0.0,7.74
59,ribeira grande,pt,38.52,-28.7,68.0,72.0,20.0,9.17
60,alofi,nu,-19.06,-169.92,77.0,94.0,8.0,2.24
63,mogadishu,so,2.04,45.34,81.85,100.0,68.0,10.31
64,araouane,ml,18.9,-3.53,101.47,11.0,0.0,2.93
65,yeppoon,au,-23.13,150.74,68.0,88.0,0.0,5.82
66,sao filipe,cv,14.9,-24.5,71.14,95.0,0.0,17.81
67,saint george,bm,39.45,22.34,66.2,55.0,0.0,6.93
68,clyde river,ca,70.47,-68.59,26.6,92.0,90.0,10.29
69,college,us,64.86,-147.8,27.19,63.0,1.0,4.94
70,castro,cl,-42.48,-73.76,52.69,72.0,92.0,4.38
71,eureka,us,40.8,-124.16,51.8,81.0,90.0,4.7
72,tasiilaq,gl,65.61,-37.64,32.0,98.0,92.0,17.22
73,friedeburg,de,53.45,7.84,72.34,49.0,20.0,8.05
74,shurugwi,zw,-19.67,30,65.38,55.0,0.0,8.19
75,yulara,au,-25.24,130.99,60.8,31.0,0.0,4.7
76,anton lizardo,mx,19.05,-95.98,82.4,78.0,90.0,10.29
77,novikovo,ru,45.05,34.56,54.94,73.0,0.0,8.86
78,si sa ket,th,15.12,104.33,84.2,74.0,12.0,4.7
79,kushima,jp,31.5,131.29,58.81,100.0,24.0,3.71
80,hilo,us,19.71,-155.08,54.07,88.0,68.0,4.7
81,daru,pg,7.99,-10.85,81.49,85.0,12.0,6.96
82,darhan,mn,49.49,105.92,33.97,58.0,0.0,6.06
83,san luis rio colorado,mx,32.47,-114.76,80.6,21.0,1.0,4.72
84,mataura,pf,-46.19,168.86,43.69,92.0,32.0,4.83
85,parrita,cr,9.52,-84.33,80.6,48.0,75.0,11.41
86,padang,id,-0.92,100.36,77.44,100.0,92.0,5.95
87,cabo san lucas,mx,22.89,-109.91,73.84,90.0,12.0,3.38
88,zhangye,cn,38.94,100.46,40.99,100.0,92.0,5.06
89,karpathos,gr,35.51,27.21,62.6,72.0,0.0,16.11
91,butaritari,ki,3.07,172.79,83.74,98.0,68.0,16.24
92,san cristobal,ec,-0.39,-78.55,68.0,52.0,40.0,17.22
93,nhulunbuy,au,-12.18,136.78,75.2,88.0,0.0,3.36
94,salalah,om,17.01,54.1,84.2,79.0,0.0,3.36
95,neustadt,de,47.05,8.31,74.53,49.0,0.0,3.36
96,lebu,cl,8.96,38.73,62.6,72.0,40.0,5.82
97,murgab,tm,37.5,61.97,69.8,40.0,75.0,4.7
98,yellowknife,ca,62.45,-114.38,23.0,62.0,90.0,4.7
99,kaitangata,nz,-46.28,169.85,46.39,80.0,0.0,7.63
100,alto araguaia,br,-17.32,-53.22,88.24,35.0,0.0,8.41
101,ankpa,ng,7.37,7.63,87.61,62.0,20.0,4.94
102,leningradskiy,ru,69.38,178.42,13.36,89.0,32.0,9.86
103,ariquemes,br,-9.91,-63.03,90.94,57.0,36.0,2.71
106,kloulklubed,pw,7.04,134.26,76.95,88.0,40.0,9.98
107,hendaye,fr,43.37,-1.77,69.01,72.0,0.0,4.7
109,deputatskiy,ru,69.3,139.9,9.22,67.0,8.0,5.5
111,east london,za,-33.02,27.91,64.4,93.0,0.0,3.36
112,waingapu,id,-9.65,120.26,76.9,78.0,0.0,9.64
113,bambous virieux,mu,-20.34,57.76,78.8,78.0,75.0,8.05
114,okhotsk,ru,59.36,143.24,23.62,79.0,0.0,6.17
115,tongchuan,cn,34.9,108.95,60.8,82.0,40.0,11.18
116,monrovia,lr,6.33,-10.8,87.8,66.0,20.0,12.75
117,vanimo,pg,-2.67,141.3,84.19,100.0,36.0,15.23
118,port blair,in,11.67,92.75,85.72,100.0,0.0,2.71
119,camacha,pt,33.08,-16.33,66.2,63.0,20.0,18.34
121,minsk,by,53.9,27.56,53.6,40.0,0.0,11.18
122,port alfred,za,-33.59,26.89,64.39,97.0,0.0,3.15
123,sungurlu,tr,40.17,34.38,49.09,75.0,0.0,1.92
124,san patricio,mx,-26.98,-56.83,90.67,55.0,0.0,3.49
125,beringovskiy,ru,63.05,179.32,24.07,89.0,76.0,15.35
126,faanui,pf,-16.48,-151.75,80.23,100.0,64.0,4.27
127,colombo,lk,6.93,79.85,84.2,70.0,40.0,4.7
128,narsaq,gl,60.91,-46.05,51.8,25.0,48.0,24.16
129,provideniya,ru,64.42,-173.23,22.63,100.0,0.0,25.86
130,kattivakkam,in,13.22,80.32,87.8,79.0,20.0,11.41
132,ryotsu,jp,38.08,138.43,52.69,98.0,64.0,9.75
133,bundaberg,au,-24.87,152.35,70.24,100.0,0.0,16.69
135,verkhniye tatyshly,ru,56.29,55.86,44.32,95.0,92.0,16.8
136,tuktoyaktuk,ca,69.44,-133.03,-4.91,83.0,20.0,2.24
137,hearst,ca,49.69,-83.67,58.54,41.0,8.0,5.95
138,rapu-rapu,ph,13.19,124.13,81.49,100.0,92.0,11.65
139,ponta do sol,cv,-20.63,-46,71.86,66.0,92.0,7.4
140,jamestown,sh,-33.21,138.6,53.59,51.0,0.0,6.17
141,sitka,us,37.17,-99.65,56.74,84.0,8.0,13.67
142,carnarvon,au,-30.97,22.13,58.72,27.0,8.0,8.19
143,hithadhoo,mv,-0.6,73.08,84.82,100.0,0.0,8.52
145,norman wells,ca,65.28,-126.83,14.0,47.0,20.0,5.82
146,santhia,it,9.54,-12.74,97.06,31.0,0.0,8.19
147,aleksandrov gay,ru,50.14,48.57,46.57,64.0,36.0,9.98
148,hopelchen,mx,19.77,-89.85,89.6,59.0,20.0,11.41
149,laguna,br,27.52,-110.01,84.2,18.0,40.0,4.7
151,kodiak,us,39.95,-94.76,53.6,50.0,90.0,9.17
152,dikson,ru,73.51,80.55,16.51,91.0,76.0,20.83
153,kavieng,pg,-2.57,150.8,83.29,100.0,8.0,5.95
154,la ronge,ca,55.1,-105.3,39.2,93.0,90.0,20.8
155,lahti,fi,60.98,25.66,37.4,59.0,90.0,3.36
156,marawi,sd,8.0,124.29,67.63,95.0,44.0,0.69
157,half moon bay,us,37.46,-122.43,62.42,72.0,40.0,3.36
158,qaqortoq,gl,60.72,-46.03,51.8,25.0,68.0,24.16
159,omboue,ga,-1.57,9.26,82.48,100.0,24.0,8.75
160,moissala,td,8.34,17.77,75.1,88.0,48.0,2.15
161,hualmay,pe,-11.1,-77.61,74.11,75.0,0.0,4.72
164,puerto ayora,ec,-0.74,-90.35,82.4,74.0,20.0,5.82
165,sioux lookout,ca,50.1,-91.92,54.64,34.0,75.0,16.11
166,avarua,ck,-21.21,-159.78,71.6,100.0,20.0,2.24
167,auki,sb,12.18,6.51,91.84,21.0,0.0,5.61
168,acapulco,mx,16.86,-99.88,86.0,74.0,75.0,5.82
170,mattru,sl,7.62,-11.83,86.8,66.0,32.0,7.07
171,ketchikan,us,55.34,-131.65,44.6,81.0,90.0,17.22
173,severo-kurilsk,ru,50.68,156.12,29.83,100.0,80.0,16.91
174,albany,au,42.65,-73.75,56.44,17.0,1.0,9.17
175,port elizabeth,za,39.31,-74.98,59.9,25.0,1.0,5.06
176,madang,pg,-5.21,145.81,77.35,100.0,80.0,1.14
177,aklavik,ca,68.22,-135.01,1.67,59.0,20.0,4.7
178,lavrentiya,ru,65.58,-170.99,20.29,96.0,0.0,21.39
179,biltine,td,14.53,20.93,83.92,16.0,0.0,7.74
180,honiara,sb,-9.43,159.96,75.2,94.0,20.0,3.36
181,airai,pw,-8.93,125.41,59.17,80.0,0.0,2.04
182,komsomolskiy,ru,67.55,63.78,2.02,68.0,0.0,7.63
183,yumen,cn,40.29,97.04,46.3,65.0,92.0,5.06
184,vila franca do campo,pt,37.72,-25.43,66.2,82.0,40.0,11.41
185,mogwase,za,-25.28,27.22,59.98,49.0,0.0,2.93
186,san jose,gt,15.79,120.99,71.23,94.0,24.0,1.48
187,jerome,us,34.75,-112.11,67.42,13.0,1.0,6.93
188,hambantota,lk,6.12,81.12,82.57,100.0,0.0,8.08
189,haines junction,ca,60.75,-137.51,26.68,85.0,56.0,2.71
190,grants pass,us,42.44,-123.33,47.46,48.0,1.0,3.36
191,lata,sb,30.78,78.62,42.97,64.0,0.0,2.37
192,pasni,pk,25.26,63.48,78.25,96.0,0.0,9.98
193,bridlington,gb,54.08,-0.19,61.32,55.0,0.0,12.75
194,kodinar,in,20.79,70.7,79.33,59.0,0.0,7.52
195,longyearbyen,sj,78.22,15.63,23.0,57.0,40.0,8.05
196,sayyan,ye,15.17,44.32,64.57,34.0,68.0,2.26
197,necochea,ar,-38.55,-58.74,70.96,78.0,64.0,7.63
198,chifeng,cn,42.27,118.96,43.24,86.0,92.0,5.5
199,lompoc,us,34.64,-120.46,67.59,59.0,0.0,4.94
200,soyo,ao,-6.13,12.37,81.13,89.0,48.0,4.72
202,sangar,ru,63.92,127.47,31.99,76.0,92.0,6.73
203,qaanaaq,gl,77.48,-69.36,22.09,100.0,88.0,7.18
204,kouango,cf,4.99,19.98,83.11,60.0,8.0,8.19
205,caravelas,br,-17.73,-39.27,79.42,98.0,44.0,12.77
206,sorland,no,67.67,12.69,41.0,93.0,75.0,2.24
207,new norfolk,au,-42.78,147.06,50.0,93.0,40.0,2.48
210,roebourne,au,-20.77,117.15,71.41,61.0,0.0,4.83
211,pisco,pe,-13.71,-76.2,75.2,69.0,0.0,6.93
213,vilyuysk,ru,63.75,121.63,36.4,95.0,88.0,6.4
214,ulaangom,mn,49.98,92.07,23.35,65.0,0.0,2.93
215,rio gallegos,ar,-51.62,-69.22,46.4,42.0,20.0,31.09
216,kruisfontein,za,-34.0,24.73,59.53,93.0,0.0,1.7
217,bowen,au,-20.01,148.25,66.2,93.0,48.0,6.93
218,vila,vu,45.18,8.4,78.8,31.0,0.0,4.7
219,kasempa,zm,-13.46,25.83,68.26,55.0,8.0,5.95
220,kultayevo,ru,57.89,55.94,46.4,95.0,75.0,11.18
221,saldanha,za,41.42,-6.55,67.54,55.0,0.0,6.96
222,berlevag,no,70.86,29.09,27.85,100.0,0.0,9.08
224,ussuriysk,ru,43.8,131.95,39.2,41.0,0.0,6.71
225,cape town,za,-33.93,18.42,68.0,72.0,0.0,14.99
226,nanortalik,gl,60.14,-45.24,35.14,85.0,80.0,26.53
227,baykit,ru,61.68,96.39,38.29,96.0,92.0,14.0
228,saint-philippe,re,45.36,-73.48,52.66,27.0,1.0,8.05
229,neiafu,to,-18.65,-173.98,71.6,100.0,20.0,9.08
230,alice springs,au,-23.7,133.88,59.0,38.0,0.0,5.82
231,aitape,pg,-3.15,142.36,77.98,100.0,48.0,3.94
232,ternate,id,14.29,120.72,82.4,78.0,20.0,6.93
233,caxito,ao,-22.65,-42.51,81.21,65.0,40.0,17.22
234,flin flon,ca,54.77,-101.88,41.0,86.0,90.0,18.34
235,muzhi,ru,65.4,64.7,1.66,50.0,0.0,2.93
236,geraldton,au,49.72,-86.95,55.4,24.0,75.0,12.75
237,mana,gf,43.52,20.24,72.28,36.0,0.0,4.7
238,paamiut,gl,61.99,-49.67,33.7,96.0,76.0,12.21
240,gonc,hu,48.47,21.28,66.2,59.0,40.0,9.17
241,goderich,sl,43.74,-81.71,50.62,68.0,0.0,3.04
242,maceio,br,-9.67,-35.74,77.0,94.0,75.0,3.36
243,kondinskoye,ru,59.65,67.41,29.92,70.0,76.0,7.18
244,umm kaddadah,sd,13.6,26.69,86.26,8.0,0.0,11.99
245,kaeo,nz,-35.1,173.78,43.51,83.0,0.0,2.71
246,maragogi,br,-9.01,-35.22,76.27,100.0,92.0,6.96
247,gongzhuling,cn,43.5,124.81,49.63,37.0,88.0,13.44
248,nuuk,gl,64.17,-51.74,33.8,86.0,20.0,10.29
249,codrington,ag,-28.95,153.24,61.15,96.0,80.0,5.17
250,ixtapa,mx,20.71,-105.21,83.47,49.0,20.0,2.71
251,chuy,uy,-33.69,-53.46,75.55,92.0,48.0,13.0
252,khatanga,ru,71.98,102.47,1.93,68.0,0.0,13.56
253,muros,es,42.77,-9.06,62.6,77.0,20.0,13.87
254,mahon,es,51.89,-8.4,53.6,66.0,75.0,14.99
256,torbay,ca,47.66,-52.73,42.8,56.0,75.0,17.22
257,shirokiy,ru,53.87,39.17,38.02,66.0,64.0,13.78
258,chincholi,in,17.47,77.42,84.19,32.0,88.0,8.75
260,batagay-alyta,ru,67.8,130.41,21.64,79.0,56.0,7.07
262,tessalit,ml,20.2,1.01,91.84,12.0,0.0,6.62
263,pevek,ru,69.7,170.27,11.47,58.0,0.0,3.38
264,belmonte,br,40.36,-7.35,67.72,73.0,0.0,4.61
265,key largo,us,25.09,-80.45,83.35,69.0,40.0,13.87
266,guarapari,br,-20.67,-40.5,80.6,69.0,40.0,10.29
267,kalmunai,lk,7.42,81.82,75.73,98.0,0.0,3.38
269,husavik,is,50.56,-96.99,56.56,71.0,32.0,15.35
270,lumberton,us,30.27,-94.2,63.82,82.0,90.0,12.75
271,luderitz,na,-26.65,15.16,59.35,94.0,8.0,7.96
272,labuhan,id,-2.54,115.51,73.48,100.0,32.0,1.92
273,namatanai,pg,-3.66,152.44,83.29,100.0,12.0,9.64
274,chicama,pe,-7.84,-79.15,69.8,83.0,40.0,8.05
275,kulhudhuffushi,mv,6.62,73.07,86.08,100.0,12.0,3.83
276,baraki barak,af,33.97,68.95,62.6,36.0,24.0,3.36
277,doha,qa,25.29,51.53,82.4,69.0,0.0,9.17
278,namibe,ao,-15.19,12.15,80.77,97.0,0.0,4.94
279,clonakilty,ie,51.62,-8.87,53.6,66.0,75.0,14.99
280,yatou,cn,3.63,9.81,87.8,70.0,40.0,4.7
281,bathsheba,bb,13.22,-59.52,75.2,94.0,75.0,17.22
282,hoshangabad,in,22.75,77.72,86.0,23.0,0.0,9.17
283,ondangwa,na,-17.91,15.98,76.36,25.0,0.0,5.84
284,chokurdakh,ru,70.62,147.9,4.72,52.0,0.0,3.38
285,kaifeng,cn,34.8,114.35,51.8,81.0,90.0,13.42
287,talnakh,ru,69.49,88.39,5.17,83.0,56.0,10.31
289,ulladulla,au,-35.36,150.48,57.2,100.0,40.0,6.93
290,palembang,id,-2.99,104.76,73.12,99.0,56.0,1.14
291,itarema,br,-2.92,-39.92,78.52,100.0,56.0,9.64
292,ambilobe,mg,-13.19,49.05,71.32,96.0,92.0,3.15
293,coahuayana,mx,18.62,-100.35,88.69,30.0,12.0,3.04
294,zhigansk,ru,66.77,123.37,35.05,98.0,92.0,10.2
295,angoram,pg,-4.06,144.07,76.27,100.0,64.0,1.59
296,avera,pf,33.19,-82.53,68.04,64.0,90.0,8.05
297,brae,gb,60.4,-1.35,46.13,87.0,64.0,11.41
298,nalut,ly,31.86,10.98,76.36,25.0,0.0,6.96
299,zonguldak,tr,41.25,31.83,53.14,78.0,0.0,3.15
300,nikolskoye,ru,59.7,30.79,39.2,41.0,40.0,11.18
301,corrales,co,5.83,-72.84,60.97,71.0,88.0,1.03
302,yulin,cn,38.3,109.75,53.77,84.0,80.0,4.72
303,samarai,pg,-10.62,150.67,82.84,99.0,80.0,12.1
304,sarahan,in,31.51,77.79,11.74,97.0,8.0,2.26
305,ahipara,nz,-35.17,173.16,52.69,100.0,48.0,2.71
306,quatre cocos,mu,-20.21,57.76,78.8,78.0,75.0,8.05
307,aykhal,ru,65.95,111.51,37.39,88.0,56.0,11.77
308,thompson,ca,55.74,-97.86,42.8,87.0,90.0,6.93
309,gisborne,nz,-38.66,178.02,44.32,78.0,0.0,3.38
310,lorengau,pg,-2.02,147.27,82.84,100.0,12.0,7.52
311,hirara,jp,24.8,125.28,73.12,100.0,76.0,16.13
312,karratha,au,-20.74,116.85,71.41,61.0,0.0,4.83
313,jalu,ly,29.03,21.55,73.84,27.0,0.0,7.74
314,ilulissat,gl,69.22,-51.1,30.2,80.0,20.0,3.36
315,abu kamal,sy,34.45,40.92,64.84,41.0,0.0,10.87
316,champerico,gt,16.38,-93.6,89.6,46.0,20.0,11.41
318,arlit,ne,18.74,7.39,87.79,10.0,0.0,5.61
319,lagoa,pt,37.14,-8.45,64.4,88.0,20.0,8.05
320,riyadh,sa,24.63,46.72,71.6,83.0,75.0,1.12
322,katsuura,jp,33.93,134.5,53.95,89.0,8.0,1.36
323,nelson bay,au,-32.72,152.14,59.0,93.0,40.0,6.93
324,bilibino,ru,68.06,166.44,9.94,72.0,8.0,2.71
325,mount gambier,au,-37.83,140.78,47.92,86.0,0.0,2.37
326,katherine,au,-14.47,132.26,69.8,73.0,8.0,1.12
327,rabo de peixe,pt,37.8,-25.58,66.2,82.0,40.0,11.41
328,denpasar,id,-8.65,115.22,70.96,100.0,8.0,1.59
329,dingle,ie,11.0,122.67,78.07,92.0,20.0,7.29
330,ukiah,us,39.15,-123.21,60.8,51.0,1.0,5.82
331,constitucion,mx,23.99,-104.67,75.2,9.0,40.0,4.7
332,wuwei,cn,37.93,102.64,43.87,100.0,92.0,3.04
333,quebrangulo,br,-9.32,-36.47,72.49,99.0,92.0,8.3
334,port hedland,au,-20.31,118.58,77.0,73.0,12.0,8.05
335,noumea,nc,-22.28,166.46,69.8,100.0,0.0,2.24
337,natori,jp,38.17,140.88,50.62,96.0,80.0,4.72
338,guerrero negro,mx,27.97,-114.04,71.77,61.0,0.0,5.28
339,tiruttani,in,13.18,79.61,87.8,79.0,20.0,11.41
340,constitucion,cl,23.99,-104.67,75.2,9.0,40.0,4.7
342,victoria,sc,5.28,115.24,78.8,100.0,75.0,0.92
343,saint anthony,ca,43.97,-111.68,58.39,33.0,1.0,12.75
344,balkanabat,tm,39.51,54.36,50.89,74.0,32.0,1.59
345,flinders,au,-34.58,150.85,57.2,100.0,40.0,6.93
346,shiyan,cn,32.65,110.78,52.51,100.0,92.0,2.93
347,hansot,in,21.59,72.81,83.56,80.0,0.0,10.98
348,wadi musa,jo,30.32,35.48,68.0,40.0,0.0,17.22
349,sukabumi,id,-6.92,106.93,71.41,94.0,48.0,2.71
351,teguldet,ru,57.31,88.17,32.71,87.0,0.0,6.4
352,coquimbo,cl,-29.95,-71.34,57.2,87.0,90.0,6.93
353,ilorin,ng,8.5,4.55,93.2,46.0,40.0,5.82
354,flagstaff,us,35.2,-111.65,67.01,21.0,1.0,9.17
355,berga,es,42.1,1.85,73.4,38.0,0.0,11.41
356,henties bay,na,-22.12,14.28,64.66,94.0,0.0,6.96
357,esperance,au,10.24,-61.45,86.0,62.0,40.0,16.11
358,puerto leguizamo,co,-0.19,-74.78,78.34,86.0,76.0,3.6
359,sechura,pe,-5.56,-80.82,79.06,65.0,0.0,9.64
360,teguise,es,29.06,-13.56,69.8,52.0,75.0,17.22
361,vierzon,fr,47.22,2.07,75.2,47.0,0.0,8.05
362,belokurikha,ru,52.0,84.99,54.67,64.0,88.0,6.51
363,maniwaki,ca,46.38,-75.98,52.24,33.0,0.0,3.49
364,ancud,cl,-41.87,-73.83,54.04,66.0,88.0,3.49
365,miles city,us,46.41,-105.84,55.4,30.0,1.0,6.85
366,ndioum,sn,16.51,-14.65,97.69,13.0,0.0,10.76
367,pacific grove,us,36.62,-121.92,59.58,93.0,90.0,4.7
368,los llanos de aridane,es,28.66,-17.92,69.8,64.0,40.0,17.22
369,rumoi,jp,43.93,141.67,32.89,85.0,0.0,1.7
370,capreol,ca,46.71,-80.92,50.0,31.0,20.0,6.93
371,oistins,bb,13.07,-59.53,75.2,94.0,75.0,13.87
372,nueva loja,ec,0.08,-76.88,82.4,78.0,75.0,3.36
373,fort nelson,ca,58.81,-122.69,44.6,39.0,20.0,13.87
374,penzance,gb,50.12,-5.53,53.46,62.0,12.0,13.87
375,rawson,ar,-43.3,-65.11,61.87,21.0,24.0,19.71
376,atar,mr,20.52,-13.05,95.89,11.0,8.0,10.31
377,agirish,ru,61.92,63.02,27.49,82.0,92.0,8.41
378,grand gaube,mu,-20.01,57.66,78.8,78.0,75.0,8.05
379,kushiro,jp,43.11,144.15,32.8,95.0,12.0,3.15
381,haverfordwest,gb,51.8,-4.97,53.6,81.0,8.0,24.16
382,jumla,np,29.28,82.18,27.67,68.0,0.0,2.04
383,sterling,us,39.0,-77.4,63.66,42.0,1.0,5.82
385,gimli,ca,50.63,-96.99,56.56,71.0,32.0,15.35
386,fecamp,fr,49.76,0.37,59.05,76.0,0.0,10.29
387,port lincoln,au,-34.72,135.86,60.79,98.0,0.0,6.51
388,vardo,no,39.62,-77.74,62.6,29.0,1.0,5.82
390,kirensk,ru,57.78,108.12,36.94,65.0,36.0,6.4
391,kota kinabalu,my,5.98,116.07,78.8,88.0,75.0,3.36
392,coolum beach,au,-26.53,153.09,67.0,100.0,88.0,8.63
394,prince rupert,ca,54.32,-130.32,46.4,70.0,90.0,11.41
395,conakry,gn,9.52,-13.7,80.14,100.0,0.0,10.98
396,roswell,us,33.39,-104.52,57.2,50.0,1.0,8.05
397,buala,sb,-8.15,159.59,81.04,94.0,88.0,8.19
399,nkhata bay,mw,-11.61,34.3,70.06,96.0,0.0,4.16
400,port hardy,ca,50.7,-127.42,42.8,87.0,20.0,8.05
401,grindavik,is,63.84,-22.43,47.35,70.0,20.0,18.34
402,hasaki,jp,35.73,140.83,58.91,87.0,75.0,10.29
403,itacoatiara,br,-3.14,-58.44,80.59,89.0,64.0,3.71
404,yabrud,sy,33.97,36.66,62.6,36.0,20.0,6.93
405,saravan,la,39.72,45.65,50.0,76.0,90.0,4.7
406,pochutla,mx,15.74,-96.47,86.54,97.0,20.0,8.05
407,svetlaya,ru,46.54,138.33,39.37,78.0,0.0,8.52
408,sao lourenco,br,39.01,-9.42,65.32,88.0,20.0,10.29
409,majene,id,-3.54,118.97,80.14,100.0,76.0,7.29
410,bitung,id,1.44,125.19,75.2,94.0,20.0,1.12
411,vila velha,br,-3.71,-38.6,86.0,66.0,20.0,17.22
413,verkhnevilyuysk,ru,63.45,120.31,35.86,95.0,88.0,6.73
415,beterou,bj,9.2,2.26,91.66,40.0,44.0,3.04
416,xichang,cn,27.88,102.25,62.77,42.0,12.0,1.7
417,kuandian,cn,40.73,124.78,46.12,96.0,68.0,2.48
418,road town,vg,18.42,-64.62,83.28,62.0,75.0,14.99
419,kahului,us,20.89,-156.47,70.92,78.0,20.0,10.29
420,hovd,mn,63.83,10.7,52.66,66.0,0.0,8.05
421,tubuala,pa,9.52,-79.03,91.4,59.0,40.0,3.36
423,deer lake,ca,49.18,-57.43,39.2,48.0,40.0,12.75
424,puerto escondido,mx,15.86,-97.07,84.2,66.0,5.0,11.41
425,beltinci,si,46.6,16.24,77.0,44.0,0.0,6.93
426,plettenberg bay,za,-34.05,23.37,58.63,97.0,0.0,3.27
427,pudozh,ru,61.81,36.54,28.21,74.0,32.0,8.52
428,gao,ml,16.28,-0.04,99.94,13.0,0.0,5.17
429,magdagachi,ru,53.45,125.8,34.24,48.0,12.0,5.06
430,jimeta,ng,9.28,12.44,85.72,53.0,76.0,3.6
431,matara,lk,-13.74,-72.9,53.6,54.0,75.0,2.59
432,lensk,ru,60.71,114.91,38.65,75.0,48.0,7.18
433,trairi,br,-3.28,-39.27,81.31,100.0,12.0,11.32
434,estevan,ca,49.14,-102.99,58.03,33.0,75.0,12.75
435,santa rosa,bo,-36.62,-64.29,71.95,70.0,24.0,10.54
436,poya,nc,-21.35,165.16,76.63,100.0,64.0,10.76
437,adrar,dz,27.87,-0.29,98.6,13.0,76.0,9.17
438,zaplavnoye,ru,48.7,45.02,51.8,53.0,0.0,8.95
439,kiama,au,-34.67,150.86,57.2,100.0,40.0,6.93
440,uyovu,tz,-3.28,31.53,65.38,95.0,48.0,2.59
441,souillac,mu,45.6,-0.6,74.21,44.0,0.0,8.05
442,quesnel,ca,52.98,-122.49,41.0,52.0,1.0,4.7
443,klaksvik,fo,62.23,-6.59,46.4,93.0,92.0,10.29
444,mezen,ru,65.85,44.24,26.14,78.0,76.0,3.94
445,bandarban,bd,22.2,92.22,82.4,83.0,75.0,2.15
446,blackfalds,ca,52.38,-113.8,42.8,45.0,40.0,13.87
447,paita,pe,-5.09,-81.11,86.0,51.0,0.0,10.29
448,susangerd,ir,31.56,48.19,84.2,39.0,92.0,16.11
449,yarmouth,ca,50.71,-1.5,61.54,67.0,0.0,10.29
450,tambun,id,4.62,101.14,79.05,100.0,75.0,3.36
451,rosiori,ro,44.8,27.38,70.69,49.0,76.0,6.06
452,caramay,ph,10.18,119.24,81.13,100.0,8.0,9.31
453,severodvinsk,ru,64.56,39.82,32.0,84.0,40.0,6.71
454,bela vista do paraiso,br,-23.0,-51.19,84.2,32.0,0.0,5.82
455,gorontalo,id,0.54,123.06,72.76,96.0,24.0,1.36
456,juba,sd,57.82,26.93,42.8,59.0,75.0,8.05
457,guilin,cn,25.28,110.29,73.4,94.0,90.0,4.47
458,innisfail,au,52.02,-113.95,42.8,45.0,40.0,13.87
459,gorom-gorom,bf,14.45,-0.24,98.14,19.0,0.0,5.17
461,miyoshi,jp,34.81,132.85,46.84,82.0,32.0,0.92
462,praia,cv,-20.25,-43.81,75.2,50.0,40.0,6.93
463,aranda de duero,es,41.67,-3.69,63.49,68.0,76.0,4.72
464,san rafael,ar,-34.61,-68.33,73.93,25.0,0.0,12.44
465,kununurra,au,-15.77,128.74,71.6,83.0,0.0,6.93
466,viedma,ar,-40.81,-62.99,68.62,46.0,0.0,19.71
467,nome,us,30.04,-94.42,62.58,82.0,90.0,12.75
469,crossville,us,35.95,-85.03,58.6,76.0,90.0,8.05
471,madinat sittah uktubar,eg,29.82,31.05,71.6,33.0,0.0,18.34
472,beyneu,kz,45.32,55.19,50.98,54.0,0.0,5.84
473,kidal,ml,18.44,1.41,94.81,12.0,0.0,7.74
474,narauli,in,28.49,78.71,71.32,26.0,0.0,8.08
476,monywa,mm,22.12,95.13,79.87,73.0,56.0,3.94
477,saint-georges,gf,46.12,-70.67,46.84,38.0,0.0,5.84
479,hobyo,so,5.35,48.53,77.98,100.0,48.0,5.28
480,houma,us,35.63,111.36,53.14,93.0,76.0,2.37
481,tianpeng,cn,28.88,112.34,63.49,100.0,92.0,18.92
482,gigmoto,ph,13.78,124.39,80.05,100.0,88.0,9.08
483,paptalaya,hn,15.5,-84.32,87.8,62.0,40.0,9.17
485,kenai,us,60.55,-151.26,39.2,67.0,90.0,18.34
486,ust-kut,ru,56.78,105.75,40.27,60.0,64.0,6.17
487,porto novo,cv,-23.68,-45.44,80.6,44.0,40.0,4.7
488,porto seguro,br,-16.44,-39.06,78.8,74.0,75.0,6.93
489,banda aceh,id,5.56,95.32,76.09,100.0,36.0,2.59
490,ambon,id,47.55,-2.56,60.8,82.0,0.0,9.17
491,xinzhi,cn,22.54,120.62,77.45,74.0,20.0,1.12
492,salina,us,36.29,-95.15,51.1,93.0,90.0,9.17
493,medea,dz,36.27,2.77,71.6,68.0,20.0,9.17
494,kjollefjord,no,70.95,27.35,35.6,80.0,75.0,10.29
495,nouadhibou,mr,20.93,-17.03,69.8,60.0,0.0,20.8
496,nara,ml,34.68,135.8,62.6,82.0,12.0,2.24
497,ostrovnoy,ru,68.05,39.51,15.07,85.0,44.0,3.71
498,songkhla,th,7.2,100.6,77.0,94.0,20.0,5.95
499,winnemucca,us,40.97,-117.74,60.8,38.0,1.0,3.15
500,sibu,my,2.29,111.83,77.0,94.0,75.0,2.59
501,lidkoping,se,58.51,13.16,56.61,47.0,0.0,8.05
502,tezu,in,27.93,96.16,57.91,80.0,0.0,2.15
503,atambua,id,-9.11,124.89,78.43,100.0,0.0,9.75
504,kyabram,au,-36.31,145.05,49.72,80.0,0.0,2.71
505,mount isa,au,-20.73,139.49,71.6,40.0,0.0,8.05
507,puerto princesa,ph,9.74,118.73,82.57,100.0,8.0,8.63
508,tuatapere,nz,-46.13,167.69,49.54,100.0,0.0,10.65
509,wabrzezno,pl,53.28,18.95,64.4,39.0,0.0,2.24
510,jingcheng,cn,24.58,117.5,77.0,78.0,20.0,2.24
511,maniitsoq,gl,65.42,-52.9,31.81,92.0,0.0,3.71
512,tucuman,ar,-17.17,-70.89,69.52,62.0,0.0,3.94
513,north bend,us,43.41,-124.22,51.51,58.0,1.0,9.17
514,ambovombe,mg,-25.18,46.09,72.31,94.0,44.0,4.27
515,altamira,br,-3.2,-52.21,84.2,70.0,75.0,3.36
516,cabatuan,ph,16.95,121.67,73.84,95.0,48.0,0.69
517,hukuntsi,bw,-23.98,21.76,67.09,22.0,0.0,5.61
518,cayenne,gf,4.94,-52.33,86.0,70.0,100.0,17.22
519,crotone,it,39.09,17.12,62.6,88.0,40.0,6.93
520,pontianak,id,-0.02,109.34,81.4,93.0,92.0,4.5
521,itoman,jp,26.12,127.67,72.45,88.0,40.0,4.7
522,varna,ru,43.22,27.9,64.4,48.0,0.0,5.82
523,indianola,us,40.24,-100.42,51.8,57.0,20.0,5.82
524,marzuq,ly,14.4,46.47,67.81,48.0,0.0,4.16
525,pamplona,es,42.82,-1.64,68.85,46.0,0.0,3.36
526,popondetta,pg,-8.77,148.24,68.62,95.0,92.0,1.59
527,eregli,tr,37.51,34.05,43.69,68.0,0.0,3.38
528,san ignacio,bo,-36.8,-72.03,68.0,68.0,75.0,5.82
529,havelock,us,34.88,-76.9,68.31,37.0,40.0,13.87
530,phonhong,la,18.5,102.42,80.6,88.0,8.0,2.24
533,zeya,ru,53.74,127.27,32.53,60.0,36.0,2.37
534,sola,vu,62.78,29.36,35.6,43.0,0.0,4.7
536,high level,ca,58.52,-117.13,33.8,80.0,75.0,6.93
537,saint-francois,gp,46.42,3.91,71.6,53.0,0.0,2.04
538,faya,td,18.39,42.45,68.94,77.0,20.0,6.93
539,maku,ir,39.29,44.45,31.0,91.0,80.0,2.26
540,tulsipur,in,27.53,82.41,78.43,22.0,0.0,9.98
541,sucre,bo,-19.05,-65.26,61.87,65.0,8.0,2.93
543,santa fe,cu,-31.62,-60.7,85.36,77.0,0.0,6.4
544,yanam,in,16.73,82.22,82.48,77.0,0.0,6.06
545,boguchany,ru,58.38,97.46,52.51,54.0,48.0,12.88
546,toamasina,mg,-18.17,49.38,77.0,94.0,75.0,1.12
547,hargeysa,so,9.56,44.06,67.27,78.0,36.0,6.73
548,ballina,au,54.11,-9.15,48.2,87.0,75.0,23.04
549,bijie,cn,27.3,105.3,61.33,93.0,88.0,2.82
550,montepuez,mz,-13.13,39,74.38,67.0,8.0,8.3
551,the valley,ai,18.22,-63.06,83.34,61.0,40.0,13.87
553,cairns,au,-16.92,145.77,69.8,88.0,20.0,6.93
554,soddy-daisy,us,35.24,-85.19,58.12,93.0,90.0,8.05
555,utinga,br,-5.82,-35.4,86.0,66.0,75.0,12.75
556,danilovka,ru,50.35,44.12,46.3,60.0,48.0,9.53
557,amazar,ru,53.86,120.88,31.81,70.0,0.0,2.71
558,khasan,ru,42.43,130.64,44.59,64.0,12.0,7.85
559,kupang,id,-10.16,123.6,81.67,89.0,0.0,12.21
561,dhana,in,23.75,78.86,76.09,20.0,0.0,9.86
562,shikarpur,pk,27.96,68.63,77.0,44.0,0.0,3.27
563,lautaro,cl,-38.53,-72.44,52.78,86.0,92.0,4.38
564,egvekinot,ru,66.32,-179.17,3.64,61.0,0.0,2.26
565,uglovka,ru,58.24,33.51,35.5,50.0,68.0,8.63
566,tarata,pe,-17.47,-70.03,63.31,36.0,12.0,2.48
567,hermiston,us,45.84,-119.29,50.65,53.0,1.0,3.36
568,tarko-sale,ru,64.92,77.78,8.41,81.0,56.0,9.19
569,waipawa,nz,-39.94,176.59,34.87,75.0,0.0,3.38
570,naze,jp,5.43,7.07,87.8,66.0,40.0,6.93
571,abu dhabi,ae,24.47,54.37,87.87,42.0,0.0,6.93
572,tromso,no,69.65,18.96,35.6,74.0,75.0,6.93
573,sabha,ly,27.03,14.43,87.34,16.0,100.0,7.96
574,sarangani,ph,5.4,125.46,82.12,100.0,48.0,6.62
576,tautira,pf,-17.73,-149.15,78.8,78.0,75.0,4.7
577,hede,cn,60.45,15.49,55.4,37.0,32.0,8.05
578,patea,nz,-39.76,174.48,46.84,89.0,92.0,4.72
579,abu samrah,qa,35.3,37.18,54.58,84.0,0.0,8.97
580,biloela,au,-24.4,150.51,57.46,93.0,0.0,6.17
581,bonthe,sl,7.53,-12.5,85.27,71.0,80.0,5.06
582,khor,qa,47.88,134.96,30.91,56.0,0.0,2.71
583,yarke pole,ua,45.61,34.32,55.84,57.0,0.0,8.97
584,fairbanks,us,64.84,-147.72,27.19,63.0,1.0,4.94
586,nizwa,om,22.93,57.53,71.5,26.0,0.0,4.38
587,kabala,sl,9.59,-11.55,85.54,62.0,64.0,3.94
588,christchurch,nz,-43.53,172.64,35.6,93.0,0.0,3.36
589,miyako,jp,33.63,130.94,62.71,87.0,20.0,5.82
590,kefamenanu,id,-9.45,124.48,69.7,71.0,0.0,3.04
592,colomi,bo,-17.34,-65.87,77.0,31.0,40.0,6.93
594,hofn,is,64.25,-15.21,48.2,57.0,20.0,20.8
595,rocha,uy,-34.48,-54.34,75.82,88.0,36.0,7.29
596,tulun,ru,54.56,100.58,41.26,58.0,36.0,4.83
597,presidencia roque saenz pena,ar,-26.79,-60.44,88.69,59.0,36.0,13.89
598,akureyri,is,65.68,-18.09,41.0,80.0,90.0,12.75
599,candolim,in,15.52,73.76,81.04,100.0,0.0,8.75
600,springbok,za,-29.67,17.88,58.27,44.0,12.0,3.6
601,khani,ru,41.96,42.96,50.0,93.0,40.0,9.17
602,bam,ir,29.11,58.36,59.53,44.0,0.0,4.61
603,les cayes,ht,18.19,-73.75,83.02,91.0,32.0,16.02
605,launceston,au,-41.43,147.14,50.0,100.0,90.0,3.36
606,vershino-darasunskiy,ru,52.35,115.52,37.12,47.0,12.0,6.73
607,isangel,vu,-19.55,169.27,78.34,100.0,92.0,10.87
608,juneau,us,58.3,-134.42,41.0,86.0,90.0,16.11
609,cap-aux-meules,ca,47.38,-61.86,35.6,69.0,20.0,13.87
610,awbari,ly,26.59,12.77,86.8,14.0,32.0,6.62
611,san vicente,ph,13.64,-88.78,85.1,74.0,0.0,6.93
612,chiang klang,th,19.29,100.86,72.4,93.0,32.0,1.92
613,kalabo,zm,-15.0,22.67,80.14,32.0,12.0,9.19
615,kawalu,id,-7.38,108.21,69.07,96.0,88.0,1.59
616,paka,my,45.29,18.06,80.6,24.0,0.0,2.24
617,conceicao da barra,br,-18.59,-39.73,79.69,83.0,32.0,10.09
618,chernyshevskiy,ru,63.01,112.47,35.86,83.0,0.0,8.63
619,shakawe,bw,-18.36,21.84,76.72,28.0,0.0,8.19
620,nagai,jp,38.14,139.98,47.02,92.0,64.0,1.7
621,nantucket,us,41.28,-70.1,56.12,28.0,1.0,4.7
622,meadow lake,ca,54.13,-108.44,42.8,75.0,90.0,19.46
623,uglovskoye,ru,51.36,80.19,54.58,73.0,92.0,2.15
624,bontang,id,0.12,117.47,80.86,100.0,56.0,4.05
625,wewak,pg,-3.55,143.63,76.99,100.0,68.0,1.36
626,port macquarie,au,-31.43,152.91,60.8,100.0,40.0,5.82
627,crixas,br,-14.55,-49.97,85.99,65.0,8.0,4.61
628,saint-pierre,pm,48.95,4.24,76.19,53.0,0.0,10.29
629,syamzha,ru,60.02,41.06,28.66,66.0,80.0,16.02
630,kasongo,cd,-4.43,26.67,79.87,72.0,24.0,2.26
631,sidi ali,dz,36.1,0.42,79.87,50.0,8.0,6.85
632,luganville,vu,-15.51,167.18,80.77,100.0,80.0,11.65
634,holme,no,53.7,-2.31,54.05,76.0,12.0,9.17
635,sri aman,my,1.24,111.46,77.0,94.0,75.0,2.59
636,sarai,ru,25.78,85.28,84.2,37.0,0.0,9.08
637,grand-santi,gf,4.27,-54.38,77.44,91.0,92.0,3.04
638,oranjemund,na,-28.55,16.43,60.97,100.0,64.0,10.42
639,turka,ua,49.16,23.03,52.06,52.0,0.0,2.59
640,sindhnur,in,15.78,76.77,89.41,31.0,100.0,3.38
641,antofagasta,cl,-23.65,-70.4,66.2,63.0,20.0,13.87
642,vao,nc,59.1,26.19,36.76,69.0,0.0,3.27
643,vostok,ru,46.45,135.83,25.96,65.0,0.0,2.15
644,juegang,cn,32.31,121.18,65.38,92.0,92.0,6.73
645,colchester,us,51.89,0.9,66.79,59.0,44.0,16.11
646,anadyr,ru,64.73,177.51,10.4,72.0,0.0,2.24
647,gat,ly,14.69,-16.54,84.28,33.0,8.0,13.44
648,sakaiminato,jp,35.55,133.23,60.8,82.0,75.0,2.24
649,lima,pe,-12.06,-77.04,72.49,67.0,0.0,2.93
650,chumphon,th,10.5,99.18,75.28,94.0,24.0,0.81
651,pangody,ru,65.85,74.49,8.5,80.0,64.0,8.41
652,charters towers,au,-20.07,146.27,63.13,93.0,0.0,3.71
653,delano,us,35.77,-119.25,73.35,41.0,1.0,4.7
654,noyabrsk,ru,63.2,75.45,1.21,61.0,20.0,3.04
655,anchorage,us,61.22,-149.89,37.18,93.0,90.0,7.4
656,kutum,sd,14.2,24.66,77.98,11.0,0.0,10.2
657,rurrenabaque,bo,-14.44,-67.53,86.83,74.0,40.0,3.36
658,raudeberg,no,61.99,5.14,50.0,66.0,75.0,2.24
659,svencionys,lt,55.15,26.17,47.02,59.0,0.0,11.99
660,krasnyy kholm,ru,58.06,37.11,32.08,60.0,32.0,14.0
661,joensuu,fi,62.6,29.76,35.6,43.0,0.0,4.7
662,gizo,sb,31.8,34.94,68.0,60.0,40.0,6.93
663,otane,nz,-39.89,176.62,28.84,78.0,0.0,2.59
664,hamilton,bm,43.26,-79.87,55.36,33.0,20.0,4.7
665,carutapera,br,-1.2,-46.02,81.49,89.0,44.0,6.62
666,trincomalee,lk,8.58,81.23,75.46,93.0,24.0,3.49
667,batagay,ru,67.65,134.64,20.38,63.0,48.0,7.4
668,monte lirio,pa,8.79,-82.83,91.4,55.0,20.0,8.05
669,le port,re,42.87,1.37,61.06,31.0,44.0,1.59
670,inuvik,ca,68.36,-133.71,0.7,59.0,75.0,5.82
671,iquitos,pe,-3.75,-73.25,77.0,88.0,90.0,4.7
672,vredendal,za,-31.68,18.49,57.55,72.0,20.0,3.6
673,karwar,in,14.8,74.13,77.53,76.0,0.0,1.7
674,progreso,mx,-34.68,-56.22,75.2,78.0,75.0,5.82
675,uvalde,us,29.21,-99.79,71.91,40.0,1.0,5.82
676,taltal,cl,-25.41,-70.49,70.06,77.0,8.0,3.6
677,manuk mangkaw,ph,4.8,119.85,84.19,100.0,8.0,5.61
678,treinta y tres,uy,-33.23,-54.39,81.31,81.0,0.0,9.98
680,nishihara,jp,35.74,139.53,60.17,82.0,1.0,8.05
681,khao yoi,th,13.24,99.82,74.74,92.0,12.0,3.04
683,catalina,ca,8.86,-75.38,84.2,83.0,75.0,4.83
684,shingu,jp,33.72,135.99,61.69,93.0,0.0,9.86
685,ewa beach,us,21.32,-158.01,72.95,83.0,1.0,5.82
686,tagusao,ph,9.19,117.81,79.69,96.0,8.0,3.15
687,ust-maya,ru,60.42,134.54,18.22,75.0,20.0,2.48
688,pitsunda,ge,43.16,40.34,55.4,76.0,90.0,4.47
689,chai nat,th,15.18,100.13,81.49,77.0,20.0,9.98
690,karla,ee,59.37,24.93,41.0,72.0,75.0,9.17
691,riacho de santana,br,-13.61,-42.94,85.27,60.0,8.0,7.07
692,plymouth,us,50.37,-4.14,55.44,81.0,20.0,13.87
693,obuasi,gh,6.21,-1.69,79.96,87.0,32.0,4.72
694,springdale,ca,36.19,-94.13,52.09,93.0,90.0,9.17
695,balsas,br,-7.53,-46.04,95.8,32.0,64.0,10.2
697,mayo,ca,63.59,-135.9,35.6,64.0,40.0,1.25
698,liverpool,ca,53.41,-2.98,55.83,71.0,40.0,10.29
699,wageningen,sr,51.98,5.66,70.18,60.0,75.0,3.36
700,sinop,tr,42.03,35.15,56.47,86.0,20.0,2.37
701,boda,cf,26.2,88.56,73.66,88.0,0.0,8.19
702,keflavik,is,64.0,-22.56,47.37,70.0,20.0,18.34
703,praia da vitoria,pt,38.73,-27.07,62.6,93.0,75.0,13.0
704,leiyang,cn,26.42,112.85,69.34,99.0,92.0,6.17
705,jardim,br,-21.48,-56.15,91.39,41.0,0.0,9.86
706,te anau,nz,-45.41,167.72,30.37,87.0,8.0,2.59
707,fuente de oro,co,3.46,-73.62,79.78,70.0,36.0,2.82
708,sao jose da coroa grande,br,-8.9,-35.15,76.27,100.0,92.0,6.96
709,novoagansk,ru,61.94,76.66,7.33,77.0,12.0,2.59
711,kamaishi,jp,39.28,141.86,47.83,94.0,80.0,6.4
712,mabaruma,gy,8.2,-59.78,80.41,87.0,88.0,6.29
713,tazmalt,dz,36.39,4.4,66.2,88.0,20.0,6.93
714,calabozo,ve,8.92,-67.43,95.98,41.0,12.0,8.63
715,solnechnyy,ru,50.72,136.64,25.69,83.0,0.0,3.6
716,sisimiut,gl,66.94,-53.67,33.79,91.0,0.0,2.37
717,san andres,co,13.32,122.68,82.39,100.0,20.0,6.4
718,warsaw,us,52.23,21.01,62.6,33.0,0.0,9.17
719,esil,kz,51.96,66.41,46.12,93.0,20.0,3.49
721,kirakira,sb,-10.46,161.92,82.12,100.0,48.0,8.41
722,aksu,kz,52.04,76.93,50.0,93.0,90.0,6.71
723,sept-iles,ca,50.2,-66.38,44.6,24.0,20.0,10.29
724,vilhena,br,-12.74,-60.15,86.0,62.0,40.0,6.93
725,bulaevo,kz,54.91,70.44,39.37,82.0,20.0,11.77
726,black forest,us,-34.96,138.58,62.6,72.0,0.0,4.7
727,kamenka,ru,53.19,44.05,34.42,80.0,8.0,12.55
728,agua buena,pa,9.12,-79.61,90.27,59.0,40.0,3.36
729,santa cruz,cr,36.97,-122.03,62.35,77.0,1.0,3.27
730,gberia fotombu,sl,9.88,-11.17,85.54,62.0,64.0,3.94
731,ishigaki,jp,24.34,124.16,73.75,100.0,76.0,15.68
732,cockburn town,bs,21.46,-71.14,77.62,100.0,64.0,16.69
733,vaitape,pf,-16.52,-151.75,79.42,100.0,8.0,6.73
734,kailua,us,21.39,-157.74,72.91,83.0,75.0,11.41
735,hay river,ca,60.82,-115.79,24.8,85.0,90.0,5.82
736,huixtla,mx,15.14,-92.46,93.2,46.0,20.0,4.7
737,skjervoy,no,70.03,20.97,33.79,100.0,36.0,2.82
738,dalvik,is,57.79,14.13,57.2,41.0,0.0,4.7
739,gillette,us,44.29,-105.5,53.6,58.0,1.0,6.85
740,peniche,pt,39.36,-9.38,64.4,77.0,20.0,12.75
741,bukama,cd,-9.2,25.85,77.35,48.0,0.0,5.17
742,merauke,id,-8.49,140.4,80.59,90.0,100.0,10.76
743,najran,sa,17.54,44.22,84.2,32.0,40.0,6.93
744,shushtar,ir,32.05,48.86,86.0,16.0,40.0,6.93
745,alihe,cn,50.57,123.73,34.33,55.0,8.0,5.17
746,dinar,tr,38.07,30.16,62.6,27.0,0.0,9.17
747,lasa,cn,34.92,32.53,64.63,51.0,0.0,8.05
748,punta de bombon,pe,-17.17,-71.79,68.17,100.0,0.0,9.86
749,vuktyl,ru,63.86,57.31,19.66,70.0,24.0,5.73
750,pozo colorado,py,-23.49,-58.8,91.03,59.0,0.0,12.77
751,galesong,id,-5.32,119.37,78.8,88.0,40.0,4.7
752,cockburn town,tc,21.46,-71.14,77.62,100.0,64.0,16.69
753,parabel,ru,58.71,81.5,19.66,76.0,0.0,2.82
754,malanje,ao,-9.54,16.35,78.8,78.0,75.0,9.17
755,sambava,mg,-14.27,50.17,73.84,100.0,92.0,7.74
757,hundorp,no,61.55,9.94,34.96,85.0,32.0,4.94
758,ponazyrevo,ru,58.36,46.31,28.3,72.0,92.0,12.77
760,det udom,th,14.9,105.08,84.2,74.0,32.0,4.7
761,tahoua,ne,14.89,5.26,104.0,7.0,0.0,11.41
762,loreto,mx,-23.27,-57.32,94.54,45.0,0.0,10.76
763,chapais,ca,49.78,-74.86,41.0,35.0,1.0,5.82
764,chor,pk,25.52,69.77,70.51,26.0,0.0,2.82
765,kharitonovo,ru,61.4,47.5,25.78,61.0,56.0,18.48
766,panalingaan,ph,8.78,117.42,79.69,96.0,8.0,3.15
767,baruun-urt,mn,46.68,113.28,35.77,93.0,80.0,5.95
768,san antonio,cl,-33.58,-71.61,68.9,77.0,20.0,5.82
769,nanning,cn,22.83,108.3,73.4,88.0,20.0,2.24
770,san quintin,mx,17.54,120.52,75.1,84.0,92.0,3.94
771,sironj,in,24.1,77.69,77.44,19.0,0.0,10.31
772,yamethin,mm,20.43,96.14,86.17,48.0,24.0,9.42
774,finnsnes,no,69.23,17.98,37.24,60.0,75.0,5.82
775,terek,ru,43.48,44.14,59.0,44.0,90.0,4.47
776,geraldton,ca,49.72,-86.95,55.4,24.0,75.0,12.75
777,marsh harbour,bs,26.54,-77.06,75.64,100.0,36.0,16.58
778,caloto,co,3.03,-76.41,80.6,65.0,75.0,2.24
779,tungor,ru,53.39,142.95,23.08,82.0,8.0,16.24
780,dubbo,au,-32.25,148.6,55.4,82.0,0.0,6.93
781,brainerd,us,46.36,-94.2,56.61,43.0,1.0,10.29
782,marsa matruh,eg,31.35,27.25,66.2,68.0,20.0,11.41
783,miri,my,10.31,9.75,88.87,33.0,76.0,3.83
784,sao joao da barra,br,-21.64,-41.05,77.0,69.0,75.0,13.87
785,metro,id,-5.11,105.31,77.62,98.0,44.0,2.93
786,gloversville,us,43.05,-74.34,58.39,19.0,1.0,4.7
787,teruel,es,40.34,-1.11,69.8,43.0,8.0,8.05
788,chiradzulu,mw,-15.7,35.18,70.42,70.0,44.0,4.72
789,muisne,ec,0.61,-80.02,83.47,79.0,12.0,7.74
790,rio grande,br,-32.03,-52.1,73.4,94.0,20.0,3.36
791,hami,cn,42.84,93.51,55.84,44.0,88.0,2.82
792,akonolinga,cm,3.77,12.24,72.31,97.0,36.0,1.92
793,fort collins,us,40.55,-105.07,50.95,75.0,1.0,4.7
794,chernaya kholunitsa,ru,58.85,51.72,34.24,100.0,92.0,17.81
795,kalispell,us,48.2,-114.32,48.2,34.0,1.0,6.93
796,belaya gora,ru,68.54,146.19,15.79,64.0,32.0,2.37
797,gorin,ru,40.36,-92.02,62.58,36.0,1.0,13.87
798,zhicheng,cn,35.04,112.59,53.32,97.0,92.0,3.38
799,ust-omchug,ru,61.13,149.63,14.71,80.0,64.0,2.48
800,tiznit,ma,29.7,-9.73,63.49,78.0,36.0,9.64
802,santa ana,gt,13.99,-89.56,80.94,100.0,20.0,0.92
803,tecpan,mx,14.76,-90.99,77.0,57.0,40.0,4.7
804,zwettl,at,48.6,15.17,66.64,49.0,12.0,1.36
805,shuangcheng,cn,45.37,126.3,42.8,56.0,0.0,2.24
806,pirapora,br,-17.35,-44.95,80.59,58.0,0.0,9.19
807,shelburne,ca,44.08,-80.2,57.81,30.0,1.0,8.05
808,dengzhou,cn,32.69,112.08,54.85,93.0,100.0,14.45
809,klyuchi,ru,52.25,79.17,57.64,69.0,80.0,9.19
810,wajir,ke,1.75,40.07,77.35,91.0,32.0,3.04
811,kuryk,kz,43.18,51.68,48.82,93.0,0.0,6.4
812,walvis bay,na,-22.95,14.51,64.4,68.0,0.0,10.29
814,port moresby,pg,-9.47,147.16,78.8,88.0,75.0,5.82
815,takoradi,gh,4.89,-1.75,81.49,94.0,0.0,6.62
816,ocampo,mx,13.56,123.37,79.06,97.0,76.0,7.96
817,pecos,us,31.42,-103.49,62.8,51.0,1.0,3.36
818,mujiayingzi,cn,42.12,118.78,43.24,86.0,92.0,5.5
819,zhuhai,cn,40.71,112.04,51.8,53.0,40.0,15.66
820,biak,id,-0.91,122.88,77.98,100.0,56.0,3.04
821,ruzomberok,sk,49.07,19.31,69.12,35.0,0.0,5.82
822,ejea de los caballeros,es,42.13,-1.14,69.71,53.0,12.0,8.05
823,numan,ng,9.46,12.04,96.25,34.0,56.0,6.17
824,newport,us,51.59,-3,54.57,81.0,75.0,16.11
825,kristiansund,no,63.12,7.73,52.61,87.0,0.0,6.93
826,kontagora,ng,10.4,5.47,90.49,51.0,0.0,2.59
827,tak,th,16.87,99.12,76.54,57.0,0.0,4.38
828,woudenberg,nl,52.08,5.41,68.7,60.0,75.0,3.36
829,kunjah,pk,32.53,73.97,73.4,56.0,0.0,4.7
830,areosa,pt,41.72,-8.86,63.5,82.0,0.0,9.17
831,poopo,bo,-18.38,-66.97,62.6,48.0,20.0,5.82
832,louiseville,ca,46.26,-72.95,49.09,77.0,0.0,3.94
833,deep river,ca,46.1,-77.49,53.6,18.0,1.0,4.7
834,moerai,pf,-22.43,-151.33,80.5,99.0,92.0,13.0
835,rio brilhante,br,-21.8,-54.54,88.96,50.0,0.0,7.07
836,wufeng,cn,24.63,121.12,77.94,78.0,75.0,5.82
837,nacala,mz,-14.56,40.69,81.67,91.0,44.0,13.78
838,japura,br,-0.42,102.29,74.74,96.0,68.0,2.15
839,locri,it,38.24,16.26,65.3,77.0,20.0,3.36
840,lichinga,mz,-13.3,35.25,68.0,88.0,20.0,3.36
841,eyl,so,7.98,49.82,81.22,98.0,8.0,5.61
842,magadan,ru,59.56,150.8,26.6,92.0,68.0,6.71
843,arantangi,in,10.17,78.99,82.3,93.0,0.0,5.84
844,hailey,us,43.52,-114.32,55.4,35.0,40.0,10.29
845,svetlogorsk,ru,53.14,59.15,41.0,64.0,24.0,11.18
846,dharmadam,in,11.78,75.43,75.37,97.0,88.0,2.26
849,westport,ie,53.8,-9.52,48.2,87.0,75.0,23.04
850,inhambane,mz,-23.87,35.38,75.2,73.0,40.0,9.31
851,benguela,ao,-12.58,13.4,86.0,79.0,20.0,13.87
852,shitanjing,cn,39.23,106.34,50.44,61.0,56.0,3.94
853,turgutlu,tr,38.5,27.71,68.0,40.0,0.0,12.75
854,predivinsk,ru,57.07,93.44,53.14,65.0,92.0,11.32
856,kavaratti,in,10.57,72.64,87.97,97.0,68.0,3.15
857,los andes,cl,-32.83,-70.6,70.68,40.0,0.0,5.82
858,celestun,mx,20.87,-90.4,82.93,88.0,12.0,0.36
859,timbiqui,co,2.77,-77.67,78.52,96.0,44.0,2.37
860,natal,br,-5.81,-35.21,86.0,66.0,75.0,12.75
861,tutoia,br,-2.76,-42.27,78.8,94.0,75.0,11.41
862,apatity,ru,67.57,33.4,22.45,80.0,32.0,2.15
863,neustrelitz,de,53.36,13.06,63.94,42.0,0.0,5.61
864,koshurnikovo,ru,54.3,93.39,46.48,66.0,88.0,8.08
865,qandala,so,11.47,49.87,74.65,88.0,0.0,1.25
866,maralal,ke,1.1,36.7,63.94,98.0,76.0,2.37
869,vestmannaeyjar,is,63.44,-20.27,46.4,81.0,0.0,11.41
870,qasigiannguit,gl,68.82,-51.19,30.2,80.0,20.0,3.36
871,skibbereen,ie,51.55,-9.27,53.6,66.0,75.0,14.99
872,northam,au,51.04,-4.21,56.28,67.0,20.0,11.41
873,ozark,us,37.02,-93.21,55.4,93.0,90.0,16.11
874,alamogordo,us,32.9,-105.96,64.4,25.0,1.0,6.17
875,pitanga,br,-24.76,-51.76,80.68,53.0,0.0,3.15
876,axim,gh,4.87,-2.24,82.21,98.0,0.0,8.63
877,zhob,pk,31.34,69.45,44.59,54.0,0.0,3.94
878,ridgecrest,us,35.62,-117.67,73.4,17.0,1.0,3.71
879,darnah,ly,32.77,22.64,64.21,100.0,0.0,13.89
880,princeton,ca,41.37,-89.46,62.6,18.0,1.0,16.11
881,senanga,zm,-16.1,23.3,75.82,44.0,0.0,8.52
882,buckeye,us,33.37,-112.58,80.62,22.0,1.0,4.7
883,pangnirtung,ca,66.15,-65.72,21.2,85.0,90.0,2.24
